game_id,move_number,color,move,fen,stockfish_eval,absolute_eval,bestmove,continuation,latency_seconds,timestamp
chs-9fd4d84a-09af-4720-9cd8-b2aa32cb4028,1,white,e2e4,rnbqkbnr/pppppppp/8/8/4P3/8/PPPP1PPP/RNBQKBNR b KQkq - 0 1,0.16,0.16,d7d5,d7d5 e4d5 c7c6 c2c4 c6d5 d2d4 b8c6 b1c3 g8f6 g1f3,3.652860164642334,2025-10-25 23:40:08
chs-9fd4d84a-09af-4720-9cd8-b2aa32cb4028,2,black,f7f6,rnbqkbnr/ppppp1pp/5p2/8/4P3/8/PPPP1PPP/RNBQKBNR w KQkq - 0 2,2.05,2.05,d2d4,d2d4 e7e6 g1e2 h7h5 h2h4 g8e7 b1c3 b8c6 d4d5,1.8160879611968994,2025-10-25 23:40:14
chs-9fd4d84a-09af-4720-9cd8-b2aa32cb4028,3,white,d2d4,rnbqkbnr/ppppp1pp/5p2/8/3PP3/8/PPP2PPP/RNBQKBNR b KQkq - 0 2,1.5,1.5,e7e6,e7e6 d1h5 g7g6 h5e2 h7h5 h2h4 b8c6 g1f3 d7d5 c2c3,10.172601699829102,2025-10-25 23:40:41
chs-9fd4d84a-09af-4720-9cd8-b2aa32cb4028,4,black,e7e6,rnbqkbnr/pppp2pp/4pp2/8/3PP3/8/PPP2PPP/RNBQKBNR w KQkq - 0 3,1.81,1.81,b1c3,b1c3 c7c6 h2h3 d7d5 c1f4 f8b4 a2a3 b4c3 b2c3,0.9967958927154541,2025-10-25 23:41:04
chs-9fd4d84a-09af-4720-9cd8-b2aa32cb4028,5,white,g1f3,rnbqkbnr/pppp2pp/4pp2/8/3PP3/5N2/PPP2PPP/RNBQKB1R b KQkq - 1 3,1.6,1.6,d7d5,d7d5 f1d3 b8c6 e1g1 g8e7 c2c4 h7h5 b1c3,11.265418291091919,2025-10-25 23:41:16
chs-9fd4d84a-09af-4720-9cd8-b2aa32cb4028,5,white,g1f3,rnbqkbnr/pppp2pp/4pp2/8/3PP3/5N2/PPP2PPP/RNBQKB1R b KQkq - 1 3,1.6,1.6,d7d5,d7d5 f1d3 b8c6 e1g1 g8e7 c2c4 h7h5 b1c3,,2025-10-25 23:41:17
chs-9fd4d84a-09af-4720-9cd8-b2aa32cb4028,6,black,g8e7,rnbqkb1r/ppppn1pp/4pp2/8/3PP3/5N2/PPP2PPP/RNBQKB1R w KQkq - 2 4,2.09,2.09,f1d3,f1d3 b8c6 b1c3 d7d5 e1g1 h7h5 c1e3 c8d7 h2h3 d5e4 c3e4 e7f5,0.8499550819396973,2025-10-25 23:41:21
chs-9fd4d84a-09af-4720-9cd8-b2aa32cb4028,7,white,f3g5,rnbqkb1r/ppppn1pp/4pp2/6N1/3PP3/8/PPP2PPP/RNBQKB1R b KQkq - 3 4,-2.02,2.02,f6g5,f6g5 c1g5 h7h6 g5f4 g7g6 b1c3 b8a6 f4g3 f8g7,11.616298913955688,2025-10-25 23:41:33
chs-9fd4d84a-09af-4720-9cd8-b2aa32cb4028,8,black,g7g6,rnbqkb1r/ppppn2p/4ppp1/6N1/3PP3/8/PPP2PPP/RNBQKB1R w KQkq - 0 5,1.43,1.43,g5f3,g5f3 d7d5 f1d3 d5e4 d3e4 g6g5 h2h3 f6f5 e4d3,1.1488709449768066,2025-10-25 23:41:49
chs-9fd4d84a-09af-4720-9cd8-b2aa32cb4028,9,white,g5f7,rnbqkb1r/ppppnN1p/4ppp1/8/3PP3/8/PPP2PPP/RNBQKB1R b KQkq - 1 5,-3.93,3.93,e8f7,e8f7 c2c4 f8g7 h2h4 f6f5 b1c3 d7d6 h4h5 c8d7,15.95261001586914,2025-10-25 23:42:06
chs-9fd4d84a-09af-4720-9cd8-b2aa32cb4028,10,black,e8f7,rnbq1b1r/ppppnk1p/4ppp1/8/3PP3/8/PPP2PPP/RNBQKB1R w KQ - 0 6,-3.23,3.23,f1d3,f1d3 f8g7 c2c3 d7d5 e4d5 e6d5 e1g1 f6f5,0.9889926910400391,2025-10-25 23:42:15
chs-9fd4d84a-09af-4720-9cd8-b2aa32cb4028,10,black,f8h6,rnbqk2r/ppppnN1p/4pppb/8/3PP3/8/PPP2PPP/RNBQKB1R w KQkq - 2 6,9.45,9.45,f7d8,f7d8 h6c1 d1c1 e8d8 c1h6 h8e8 h6g7 d7d5 e4d5 e7d5 g7h7,0.762606143951416,2025-10-25 23:42:30
chs-9fd4d84a-09af-4720-9cd8-b2aa32cb4028,11,white,f7d8,rnbNk2r/ppppn2p/4pppb/8/3PP3/8/PPP2PPP/RNBQKB1R b KQkq - 0 6,8.83,8.83,h6c1,h6c1 d1c1 e8d8 c1h6 f6f5 h6g7 h8e8 e4f5,10.024841070175171,2025-10-25 23:42:41
chs-9fd4d84a-09af-4720-9cd8-b2aa32cb4028,12,black,e8g8,rnbN1rk1/ppppn2p/4pppb/8/3PP3/8/PPP2PPP/RNBQKB1R w KQ - 1 7,13.93,13.93,c1h6,c1h6 f8d8 d1f3 f6f5 b1c3 b8c6 e1c1 d7d5 e4e5 c6a5,1.379951000213623,2025-10-25 23:42:51
chs-9fd4d84a-09af-4720-9cd8-b2aa32cb4028,13,white,f1c4,rnbN1rk1/ppppn2p/4pppb/8/2BPP3/8/PPP2PPP/RNBQK2R b KQ - 2 7,9.05,9.05,h6c1,h6c1 d8e6 c1b2 e6c7 g8g7 c7a8 b2a1 b1a3 a1c3 e1f1 c3b2 a3b5,16.734462022781372,2025-10-25 23:43:09
chs-9fd4d84a-09af-4720-9cd8-b2aa32cb4028,14,black,f8d8,rnbr2k1/ppppn2p/4pppb/8/2BPP3/8/PPP2PPP/RNBQK2R w KQ - 0 8,13.08,13.08,c1h6,c1h6 d7d5 c4d3 b8c6 c2c3 e6e5 d4e5 c6e5,1.334223985671997,2025-10-25 23:43:34
chs-9fd4d84a-09af-4720-9cd8-b2aa32cb4028,15,white,c4e6,rnbr2k1/ppppn2p/4Bppb/8/3PP3/8/PPP2PPP/RNBQK2R b KQ - 0 8,9.33,9.33,d7e6,d7e6 c1h6 g8f7 c2c3 c7c5 h6e3 b8c6 e1g1 c5d4 c3d4,16.045401096343994,2025-10-25 23:43:52
chs-9fd4d84a-09af-4720-9cd8-b2aa32cb4028,16,black,d7e6,rnbr2k1/ppp1n2p/4pppb/8/3PP3/8/PPP2PPP/RNBQK2R w KQ - 0 9,9.67,9.67,c1h6,c1h6 f6f5 h6e3 c7c5 c2c3 b8c6 f2f3 f5e4 f3e4 c5d4 c3d4 a8b8,1.0752079486846924,2025-10-25 23:44:05
chs-9fd4d84a-09af-4720-9cd8-b2aa32cb4028,17,white,c1h6,rnbr2k1/ppp1n2p/4pppB/8/3PP3/8/PPP2PPP/RN1QK2R b KQ - 0 9,9.64,9.64,f6f5,f6f5 f2f3 f5e4 f3e4 c7c5 c2c3 a7a5 e1g1 b8c6 d1f3 c5d4 c3d4 a5a4 f3f7 g8h8,17.685816049575806,2025-10-25 23:44:24
chs-9fd4d84a-09af-4720-9cd8-b2aa32cb4028,18,black,e7c6,rnbr2k1/ppp4p/2n1pppB/8/3PP3/8/PPP2PPP/RN1QK2R w KQ - 1 10,10.17,10.17,c2c3,c2c3 c6e5 d1b3 e5f7 h6f4 f7d6 b1d2 b8c6 e1g1 g8f7 f4e3,1.2606370449066162,2025-10-25 23:45:08
chs-9fd4d84a-09af-4720-9cd8-b2aa32cb4028,19,white,h6f8,rnbr1Bk1/ppp4p/2n1ppp1/8/3PP3/8/PPP2PPP/RN1QK2R b KQ - 2 10,6.21,6.21,g8f8,g8f8 c2c3 f8g7 b1a3 a7a6 a3c4 a6a5 e1g1 b7b6 c4d2 c8a6 f1e1,24.851856231689453,2025-10-25 23:45:34
chs-9fd4d84a-09af-4720-9cd8-b2aa32cb4028,20,black,c6d4,rnbr1Bk1/ppp4p/4ppp1/8/3nP3/8/PPP2PPP/RN1QK2R w KQ - 0 11,8.64,8.64,f8a3,f8a3 d4c6 b1d2 b8d7 f2f4 e6e5 c2c3 e5f4 e1g1 d7e5 f1f4,1.129828929901123,2025-10-25 23:45:45
chs-9fd4d84a-09af-4720-9cd8-b2aa32cb4028,21,white,e1g1,rnbr1Bk1/ppp4p/4ppp1/8/3nP3/8/PPP2PPP/RN1Q1RK1 b - - 1 11,4.4,4.4,g8f8,g8f8 c2c3 d4c6 d1c2 b7b6 b1d2 c8a6,78.36469602584839,2025-10-25 23:47:05
chs-9fd4d84a-09af-4720-9cd8-b2aa32cb4028,22,black,g8f8,rnbr1k2/ppp4p/4ppp1/8/3nP3/8/PPP2PPP/RN1Q1RK1 w - - 0 12,4.98,4.98,c2c3,c2c3 d4c6 d1c2 f8g7 b1a3 e6e5 b2b4 a7a6 f1d1 c8e6 d1d8 c6d8,0.9801979064941406,2025-10-25 23:47:11
chs-9fd4d84a-09af-4720-9cd8-b2aa32cb4028,23,white,e4e5,rnbr1k2/ppp4p/4ppp1/4P3/3n4/8/PPP2PPP/RN1Q1RK1 b - - 0 12,5.04,5.04,d4c6,d4c6 d1f3 f6f5 f1d1 d8d1 f3d1 b8d7 f2f4 a7a5 b1d2,46.3283748626709,2025-10-25 23:48:17
chs-9fd4d84a-09af-4720-9cd8-b2aa32cb4028,24,black,b8d7,r1br1k2/pppn3p/4ppp1/4P3/3n4/8/PPP2PPP/RN1Q1RK1 w - - 1 13,9.03,9.03,d1d4,d1d4 f8f7 e5f6 d8g8 b1d2 d7f6 a1d1,1.2613639831542969,2025-10-25 23:49:39
chs-9fd4d84a-09af-4720-9cd8-b2aa32cb4028,25,white,e5f6,r1br1k2/pppn3p/4pPp1/8/3n4/8/PPP2PPP/RN1Q1RK1 b - - 0 13,4.69,4.69,d7f6,d7f6 b1a3 f8g7 d1e1 d8d6 c2c3,33.84688711166382,2025-10-25 23:50:14
chs-9fd4d84a-09af-4720-9cd8-b2aa32cb4028,26,black,d7f6,r1br1k2/ppp4p/4pnp1/8/3n4/8/PPP2PPP/RN1Q1RK1 w - - 0 14,5.26,5.26,b1a3,b1a3 f8f7 c2c3 d4c6 d1a4 c8d7 a4h4 a8c8 a1d1,0.8720901012420654,2025-10-25 23:50:34
chs-9fd4d84a-09af-4720-9cd8-b2aa32cb4028,27,white,d1h5,r1br1k2/ppp4p/4pnp1/7Q/3n4/8/PPP2PPP/RN3RK1 b - - 1 14,-9.5,9.5,f6h5,f6h5 b1a3 b7b5 c2c4 a7a6 c4b5 a6b5 f2f3 h5f6,47.57107901573181,2025-10-25 23:51:23
chs-9fd4d84a-09af-4720-9cd8-b2aa32cb4028,28,black,f6h5,r1br1k2/ppp4p/4p1p1/7n/3n4/8/PPP2PPP/RN3RK1 w - - 0 15,-9.33,9.33,b1a3,b1a3 b7b5 c2c3 d4e2 g1h1 c7c6 c3c4 e2d4 c4b5 c6b5,1.0124688148498535,2025-10-25 23:52:01
chs-9fd4d84a-09af-4720-9cd8-b2aa32cb4028,29,white,f1d1,r1br1k2/ppp4p/4p1p1/7n/3n4/8/PPP2PPP/RN1R2K1 b - - 1 15,-12.73,12.73,d4e2,d4e2 g1f1 d8d1 f1e2 d1c1 c2c3 h5f4 e2d2 c1f1 d2e3 f4g2 e3f3 f1g1,27.382720947265625,2025-10-25 23:52:35
chs-9fd4d84a-09af-4720-9cd8-b2aa32cb4028,30,black,d4c2,r1br1k2/ppp4p/4p1p1/7n/8/8/PPn2PPP/RN1R2K1 w - - 0 16,-6.75,6.75,d1d8,d1d8 f8e7 d8d1 c2a1 b1a3 h5f4 d1a1 c8d7 a3c2 f4d3 a1b1 e7d6 c2e3 d7c6,1.0802342891693115,2025-10-25 23:52:42
chs-9fd4d84a-09af-4720-9cd8-b2aa32cb4028,31,white,d1d8,r1bR1k2/ppp4p/4p1p1/7n/8/8/PPn2PPP/RN4K1 b - - 0 16,-6.19,6.19,f8e7,f8e7 d8d1 c2a1 b1a3 c8d7 d1a1 d7c6 g2g3 h5g7 a1d1,40.42903017997742,2025-10-25 23:53:26
chs-9fd4d84a-09af-4720-9cd8-b2aa32cb4028,32,black,f8e7,r1bR4/ppp1k2p/4p1p1/7n/8/8/PPn2PPP/RN4K1 w - - 1 17,-5.86,5.86,b1a3,b1a3 c2a1 d8d1 h5f6 d1a1 h7h5,1.145982027053833,2025-10-25 23:54:13
chs-9fd4d84a-09af-4720-9cd8-b2aa32cb4028,33,white,d8d7,r1b5/pppRk2p/4p1p1/7n/8/8/PPn2PPP/RN4K1 b - - 2 17,-16.29,16.29,c8d7,c8d7 b1a3 c2a1 g2g3 e7f7 h2h4 a8d8 g1g2 c7c6,41.20666718482971,2025-10-25 23:54:55
chs-9fd4d84a-09af-4720-9cd8-b2aa32cb4028,34,black,e7d7,r1b5/pppk3p/4p1p1/7n/8/8/PPn2PPP/RN4K1 w - - 0 18,-16.08,16.08,g2g4,g2g4 h5f4 b2b3 c2a1 b1a3 f4d3 g1g2 d3b4 a3c4 b4a2,0.8939650058746338,2025-10-25 23:55:02
chs-9fd4d84a-09af-4720-9cd8-b2aa32cb4028,35,white,h2h3,r1b5/pppk3p/4p1p1/7n/8/7P/PPn2PP1/RN4K1 b - - 0 18,-16.62,16.62,c2a1,c2a1 b1a3 h5f4 h3h4 c7c6 b2b3 f4e2 g1f1 e2c3 a3c4 c3a2,81.29781699180603,2025-10-25 23:56:25
chs-9fd4d84a-09af-4720-9cd8-b2aa32cb4028,36,black,c2a1,r1b5/pppk3p/4p1p1/7n/8/7P/PP3PP1/nN4K1 w - - 0 19,-16.38,16.38,b1d2,b1d2 a1c2 d2e4 d7c6 e4g5 h5f6 g5f3 c6b6 f3d2 c2d4 d2c4 b6b5,0.8577847480773926,2025-10-25 23:56:34
chs-9fd4d84a-09af-4720-9cd8-b2aa32cb4028,37,white,f2f4,r1b5/pppk3p/4p1p1/7n/5P2/7P/PP4P1/nN4K1 b - - 0 19,-17.99,17.99,a1c2,a1c2 b1d2 h5f4 d2e4 h7h5 g2g3 f4d5 b2b3 c2e3,39.7534658908844,2025-10-25 23:57:16
chs-9fd4d84a-09af-4720-9cd8-b2aa32cb4028,38,black,h5f4,r1b5/pppk3p/4p1p1/8/5n2/7P/PP4P1/nN4K1 w - - 0 20,-17.67,17.67,b1c3,b1c3 a1c2 c3e4 h7h5 g2g3 f4d3 g3g4 d3b2 g4h5 g6h5,0.9853899478912354,2025-10-25 23:58:17
chs-9fd4d84a-09af-4720-9cd8-b2aa32cb4028,39,white,b1c3,r1b5/pppk3p/4p1p1/8/5n2/2N4P/PP4P1/n5K1 b - - 1 20,-18.22,18.22,a1c2,a1c2 h3h4 c2e3 g2g3 f4d3 b2b3 c7c6 c3e2 d7c7,31.034793853759766,2025-10-25 23:58:50
chs-9fd4d84a-09af-4720-9cd8-b2aa32cb4028,40,black,e6e5,r1b5/pppk3p/6p1/4p3/5n2/2N4P/PP4P1/n5K1 w - - 0 21,-17.44,17.44,c3e4,c3e4 a1c2 e4f6 d7e7 f6h7 c2e3 h7g5 f4g2 g1f2 c8d7,0.8487191200256348,2025-10-25 23:59:17
chs-9fd4d84a-09af-4720-9cd8-b2aa32cb4028,41,white,c3b5,r1b5/pppk3p/6p1/1N2p3/5n2/7P/PP4P1/n5K1 b - - 1 21,-18.13,18.13,a1c2,a1c2 h3h4 f4d3 b2b3 d7c6 b5c3 c2e3 g2g3 c8f5 g1h2 a8h8 h2g1,22.765256881713867,2025-10-25 23:59:42
chs-9fd4d84a-09af-4720-9cd8-b2aa32cb4028,42,black,e5e4,r1b5/pppk3p/6p1/1N6/4pn2/7P/PP4P1/n5K1 w - - 0 22,-17.41,17.41,g1f2,g1f2 f4d3 f2e3 a1c2 e3e4 d3b2 g2g4 c2e1 g4g5 b2d3 e4e3,1.1371498107910156,2025-10-26 00:00:15
chs-9fd4d84a-09af-4720-9cd8-b2aa32cb4028,43,white,b5c7,r1b5/ppNk3p/6p1/8/4pn2/7P/PP4P1/n5K1 b - - 0 22,-21.39,21.39,d7c7,d7c7 g1f2 a1c2 f2g3 f4d5 g3f2 c8e6 f2g3 c2d4,48.004974126815796,2025-10-26 00:01:06
chs-9fd4d84a-09af-4720-9cd8-b2aa32cb4028,44,black,d7c7,r1b5/ppk4p/6p1/8/4pn2/7P/PP4P1/n5K1 w - - 0 23,-21.31,21.31,g1f2,g1f2 a1c2 f2g3 f4d3 b2b3 c8e6 g3h4 d3c1 h4g5 c1a2 g5h6,1.0331571102142334,2025-10-26 00:01:11
chs-9fd4d84a-09af-4720-9cd8-b2aa32cb4028,45,white,g1f2,r1b5/ppk4p/6p1/8/4pn2/7P/PP3KP1/n7 b - - 1 23,-21.65,21.65,a1c2,a1c2 f2g3 f4e2 g3h2 e2c1 a2a4 c8e6 a4a5 c1d3 h2g3 d3b2,54.35766100883484,2025-10-26 00:02:13
chs-9fd4d84a-09af-4720-9cd8-b2aa32cb4028,46,black,f4d3,r1b5/ppk4p/6p1/8/4p3/3n3P/PP3KP1/n7 w - - 2 24,-20.9,20.9,f2e3,f2e3 a1c2 e3e4 d3b2 e4e5 c2e1 g2g4 b2d3 e5f6 e1f3 f6g7 f3g5 h3h4,1.0934569835662842,2025-10-26 00:02:47
chs-9fd4d84a-09af-4720-9cd8-b2aa32cb4028,47,white,f2g1,r1b5/ppk4p/6p1/8/4p3/3n3P/PP4P1/n5K1 b - - 3 24,-22.26,22.26,d3b2,d3b2 g1f2 a1c2 f2e2 b2d3 e2d2 c2e1 g2g4 c8e6,25.97463893890381,2025-10-26 00:03:27
chs-9fd4d84a-09af-4720-9cd8-b2aa32cb4028,48,black,e4e3,r1b5/ppk4p/6p1/8/8/3np2P/PP4P1/n5K1 w - - 0 25,-22.99,22.99,g1f1,g1f1 d3b2 a2a3 a1c2 g2g4 c8e6 h3h4 e6g4 f1g2 c2a3 g2g3 e3e2,0.9170548915863037,2025-10-26 00:03:46
chs-9fd4d84a-09af-4720-9cd8-b2aa32cb4028,49,white,g1f1,r1b5/ppk4p/6p1/8/8/3np2P/PP4P1/n4K2 b - - 1 25,-22.5,22.5,d3b2,d3b2 f1e2 a1c2 g2g4 c8e6 a2a3 e6c4 e2f3 e3e2,25.379146099090576,2025-10-26 00:04:12
chs-9fd4d84a-09af-4720-9cd8-b2aa32cb4028,50,black,d3b2,r1b5/ppk4p/6p1/8/8/4p2P/Pn4P1/n4K2 w - - 0 26,-23.29,23.29,f1e2,f1e2 a1c2 e2f3 c8e6 a2a4 b2a4 g2g3 e6h3 g3g4 a4c3,0.8064701557159424,2025-10-26 00:04:22
chs-9fd4d84a-09af-4720-9cd8-b2aa32cb4028,51,white,f1e2,r1b5/ppk4p/6p1/8/8/4p2P/Pn2K1P1/n7 b - - 1 26,-23.03,23.03,a1c2,a1c2 a2a3 c8e6 e2f3 e6d5 f3e2 d5g2 h3h4 b2c4,34.38614821434021,2025-10-26 00:04:58
chs-9fd4d84a-09af-4720-9cd8-b2aa32cb4028,52,black,b2c4,r1b5/ppk4p/6p1/8/2n5/4p2P/P3K1P1/n7 w - - 2 27,-22.77,22.77,e2d1,e2d1 c8e6 a2a4 a1b3 d1e1 b3d4 h3h4 e6d7 a4a5 c4a5,1.0523171424865723,2025-10-26 00:05:31
chs-9fd4d84a-09af-4720-9cd8-b2aa32cb4028,53,white,e2f1,r1b5/ppk4p/6p1/8/2n5/4p2P/P5P1/n4K2 b - - 3 27,-23,23,a1c2,a1c2 a2a4 c2d4 a4a5 c4a5 f1e1 c8d7 e1d1 e3e2 d1e1,44.623116970062256,2025-10-26 00:06:17
chs-9fd4d84a-09af-4720-9cd8-b2aa32cb4028,54,black,b7b5,r1b5/p1k4p/6p1/1p6/2n5/4p2P/P5P1/n4K2 w - - 0 28,-23.44,23.44,f1e2,f1e2 a1c2 e2d3 c2e1 d3c3 e1g2 c3d3 c8h3 d3e2 g2f4 e2f3 a8f8,0.9287738800048828,2025-10-26 00:06:27
chs-9fd4d84a-09af-4720-9cd8-b2aa32cb4028,55,white,g2g3,r1b5/p1k4p/6p1/1p6/2n5/4p1PP/P7/n4K2 b - - 0 28,-30.35,30.35,c8h3,c8h3 f1g1 e3e2 g1h2 e2e1q h2h3 a1c2 h3h4 c7b7,28.81481909751892,2025-10-26 00:06:57
chs-9fd4d84a-09af-4720-9cd8-b2aa32cb4028,56,black,b5b4,r1b5/p1k4p/6p1/8/1pn5/4p1PP/P7/n4K2 w - - 0 29,-25.61,25.61,g3g4,g3g4 a1c2 f1e2 c2d4 e2d3 e3e2 d3d4 e2e1q d4c4 a7a5 c4c5 e1c3 c5b5 c3h3,0.9091348648071289,2025-10-26 00:07:17
chs-9fd4d84a-09af-4720-9cd8-b2aa32cb4028,57,white,f1e2,r1b5/p1k4p/6p1/8/1pn5/4p1PP/P3K3/n7 b - - 1 29,-23.87,23.87,c8h3,c8h3 a2a3 b4a3 e2f3 a1c2 f3e2 c2d4 e2e1 e3e2,33.26241111755371,2025-10-26 00:07:52
chs-9fd4d84a-09af-4720-9cd8-b2aa32cb4028,58,black,a1c2,r1b5/p1k4p/6p1/8/1pn5/4p1PP/P1n1K3/8 w - - 2 30,-22.34,22.34,e2d3,e2d3 c2a3 g3g4 a7a5 d3e2 a5a4 e2d3 c8d7 d3e2 a8d8 e2f3 a3c2,1.1583809852600098,2025-10-26 00:08:11
chs-9fd4d84a-09af-4720-9cd8-b2aa32cb4028,59,white,e2f1,r1b5/p1k4p/6p1/8/1pn5/4p1PP/P1n5/5K2 b - - 3 30,-31.08,31.08,c8h3,c8h3 f1g1 e3e2 g1h2 e2e1q h2h3 c2e3 h3h2 e1d2 h2h3 a7a5,16.32095718383789,2025-10-26 00:08:29
chs-9fd4d84a-09af-4720-9cd8-b2aa32cb4028,60,black,c8h3,r7/p1k4p/6p1/8/1pn5/4p1Pb/P1n5/5K2 w - - 0 31,-74.04,74.04,f1e2,f1e2 h3g4 e2d3 e3e2 d3c2 e2e1q c2d3 e1c3 d3e4 c3g3 e4d4 g3f2 d4c4,1.417011022567749,2025-10-26 00:09:02
chs-9fd4d84a-09af-4720-9cd8-b2aa32cb4028,61,white,f1e2,r7/p1k4p/6p1/8/1pn5/4p1Pb/P1n1K3/8 b - - 1 31,-29.94,29.94,c4e5,c4e5 e2d1 c2d4 d1c1 e3e2,15.902755737304688,2025-10-26 00:09:23
chs-9fd4d84a-09af-4720-9cd8-b2aa32cb4028,62,black,h3g4,r7/p1k4p/6p1/8/1pn3b1/4p1P1/P1n1K3/8 w - - 2 32,,,e2d3,e2d3 e3e2 d3e4 e2e1q e4f4 g4e6 f4g5 e1g3 g5f6 g3e5 f6e7 e6d5,1.0709729194641113,2025-10-26 00:09:57
chs-9fd4d84a-09af-4720-9cd8-b2aa32cb4028,63,white,e2f1,r7/p1k4p/6p1/8/1pn3b1/4p1P1/P1n5/5K2 b - - 3 32,,,e3e2,e3e2 f1g2 e2e1q a2a3 c2e3 g2h2 e1f2 h2h1 g4f3,21.360533952713013,2025-10-26 00:10:20
chs-9fd4d84a-09af-4720-9cd8-b2aa32cb4028,64,black,e3e2,r7/p1k4p/6p1/8/1pn3b1/6P1/P1n1p3/5K2 w - - 0 33,,,f1g2,f1g2 e2e1q a2a3 c2e3 g2h2 e1f2 h2h1 g4f3,1.4636549949645996,2025-10-26 00:10:29
chs-9fd4d84a-09af-4720-9cd8-b2aa32cb4028,65,white,f1g2,r7/p1k4p/6p1/8/1pn3b1/6P1/P1n1p1K1/8 b - - 1 33,,,e2e1q,e2e1q a2a4 c4e3 g2h2 e1f2 h2h1 g4f3,48.10163712501526,2025-10-26 00:11:18
chs-9fd4d84a-09af-4720-9cd8-b2aa32cb4028,66,black,e2e1,r7/p1k4p/6p1/8/1pn3b1/6P1/P1n3K1/4q3 w - - 0 34,,,a2a4,a2a4 c2e3 g2h2 e1f2 h2h1 g4f3,,2025-10-26 00:11:34
chs-9fd4d84a-09af-4720-9cd8-b2aa32cb4028,67,white,a2a3,r7/p1k4p/6p1/8/1pn3b1/P5P1/2n3K1/4q3 b - - 0 34,,,c2e3,c2e3 g2h2 e1f2 h2h1 g4f3,30.53798484802246,2025-10-26 00:12:06
chs-9fd4d84a-09af-4720-9cd8-b2aa32cb4028,68,black,a8f8,5r2/p1k4p/6p1/8/1pn3b1/P5P1/2n3K1/4q3 w - - 1 35,,,a3a4,a3a4 f8f2,1.158174991607666,2025-10-26 00:12:23
chs-9fd4d84a-09af-4720-9cd8-b2aa32cb4028,69,white,a3b4,5r2/p1k4p/6p1/8/1Pn3b1/6P1/2n3K1/4q3 b - - 0 35,,,f8f2,f8f2,36.69791913032532,2025-10-26 00:13:02
chs-9fd4d84a-09af-4720-9cd8-b2aa32cb4028,70,black,f8f2,8/p1k4p/6p1/8/1Pn3b1/6P1/2n2rK1/4q3 w - - 1 36,,,,,1.4931471347808838,2025-10-26 00:13:34
chs-1281ad9b-804e-45b6-8383-870992c4e54a,1,white,e2e4,rnbqkbnr/pppppppp/8/8/4P3/8/PPPP1PPP/RNBQKBNR b KQkq - 0 1,0.16,0.16,d7d5,d7d5 e4d5 c7c6 c2c4 c6d5 d2d4 b8c6 b1c3 g8f6 g1f3,1.291529893875122,2025-10-27 19:09:16
chs-1281ad9b-804e-45b6-8383-870992c4e54a,2,black,e7e5,rnbqkbnr/pppp1ppp/8/4p3/4P3/8/PPPP1PPP/RNBQKBNR w KQkq - 0 2,1.18,1.18,g1f3,g1f3 d7d5 f3e5 b8d7 e5d7 c8d7 e4d5 f8c5 b1c3,5.583142995834351,2025-10-27 19:09:23
chs-1281ad9b-804e-45b6-8383-870992c4e54a,3,white,g1f3,rnbqkbnr/pppp1ppp/8/4p3/4P3/5N2/PPPP1PPP/RNBQKB1R b KQkq - 1 2,0.37,0.37,d7d6,d7d6 b1c3 g8f6 d2d4 e5d4 f3d4 f8e7 f1c4 e8g8 e1g1 b8d7,0.9957699775695801,2025-10-27 19:09:30
chs-1281ad9b-804e-45b6-8383-870992c4e54a,4,black,b8c6,r1bqkbnr/pppp1ppp/2n5/4p3/4P3/5N2/PPPP1PPP/RNBQKB1R w KQkq - 2 3,0.93,0.93,f1b5,f1b5 a7a6 b5c6 d7c6 e1g1 d8e7 d2d4 e5d4 f1e1 e7d6 f3d4,3.779071092605591,2025-10-27 19:09:35
chs-1281ad9b-804e-45b6-8383-870992c4e54a,5,white,d2d4,r1bqkbnr/pppp1ppp/2n5/4p3/3PP3/5N2/PPP2PPP/RNBQKB1R b KQkq - 0 3,0,0,e5d4,e5d4 f3d4 g8f6 f2f3 d7d5 d4c6 b7c6,0.9810478687286377,2025-10-27 19:10:21
chs-1281ad9b-804e-45b6-8383-870992c4e54a,6,black,e5d4,r1bqkbnr/pppp1ppp/2n5/8/3pP3/5N2/PPP2PPP/RNBQKB1R w KQkq - 0 4,0.74,0.74,f1c4,f1c4 d8e7 e1g1 e7c5 c4d3 g8f6 e4e5 f6g4 f1e1 a7a6,3.1438400745391846,2025-10-27 19:10:25
chs-1281ad9b-804e-45b6-8383-870992c4e54a,7,white,f3d4,r1bqkbnr/pppp1ppp/2n5/8/3NP3/8/PPP2PPP/RNBQKB1R b KQkq - 0 4,-0.27,0.27,g8f6,g8f6 f2f3 d7d5 f1b5 c8d7 b5c6 b7c6 b1c3 d5e4 f3e4,1.0820767879486084,2025-10-27 19:10:30
chs-1281ad9b-804e-45b6-8383-870992c4e54a,8,black,g8f6,r1bqkb1r/pppp1ppp/2n2n2/8/3NP3/8/PPP2PPP/RNBQKB1R w KQkq - 1 5,-0.07,0.07,d4c6,d4c6 b7c6 d1e2 d8e7 b1c3 d7d5 e4d5 c6d5 e2e7 f8e7 c3e2 c8d7,14.019824981689453,2025-10-27 19:10:45
chs-1281ad9b-804e-45b6-8383-870992c4e54a,9,white,c1g5,r1bqkb1r/pppp1ppp/2n2n2/6B1/3NP3/8/PPP2PPP/RN1QKB1R b KQkq - 2 5,-1.01,1.01,h7h6,h7h6 g5e3 f6e4 d4c6 b7c6 b1d2 e4d2 d1d2,0.9322400093078613,2025-10-27 19:10:59
chs-1f7ef853-f223-4ee4-855d-98c2ea3c4f24,1,white,e2e4,rnbqkbnr/pppppppp/8/8/4P3/8/PPPP1PPP/RNBQKBNR b KQkq - 0 1,0.16,0.16,d7d5,d7d5 e4d5 c7c6 c2c4 c6d5 d2d4 b8c6 b1c3 g8f6 g1f3,0.9307131767272949,2025-10-27 19:20:54
chs-1f7ef853-f223-4ee4-855d-98c2ea3c4f24,2,black,e7e5,rnbqkbnr/pppp1ppp/8/4p3/4P3/8/PPPP1PPP/RNBQKBNR w KQkq - 0 2,1.18,1.18,g1f3,g1f3 d7d5 f3e5 b8d7 e5d7 c8d7 e4d5 f8c5 b1c3,5.167431116104126,2025-10-27 19:21:00
chs-1f7ef853-f223-4ee4-855d-98c2ea3c4f24,3,white,g1f3,rnbqkbnr/pppp1ppp/8/4p3/4P3/5N2/PPPP1PPP/RNBQKB1R b KQkq - 1 2,0.37,0.37,d7d6,d7d6 b1c3 g8f6 d2d4 e5d4 f3d4 f8e7 f1c4 e8g8 e1g1 b8d7,1.6850388050079346,2025-10-27 19:21:16
chs-1f7ef853-f223-4ee4-855d-98c2ea3c4f24,4,black,b8c6,r1bqkbnr/pppp1ppp/2n5/4p3/4P3/5N2/PPPP1PPP/RNBQKB1R w KQkq - 2 3,0.93,0.93,f1b5,f1b5 a7a6 b5c6 d7c6 e1g1 d8e7 d2d4 e5d4 f1e1 e7d6 f3d4,4.41794490814209,2025-10-27 19:21:21
chs-1f7ef853-f223-4ee4-855d-98c2ea3c4f24,5,white,d2d4,r1bqkbnr/pppp1ppp/2n5/4p3/3PP3/5N2/PPP2PPP/RNBQKB1R b KQkq - 0 3,0,0,e5d4,e5d4 f3d4 g8f6 f2f3 d7d5 d4c6 b7c6,1.1365790367126465,2025-10-27 19:21:46
chs-1f7ef853-f223-4ee4-855d-98c2ea3c4f24,6,black,e5d4,r1bqkbnr/pppp1ppp/2n5/8/3pP3/5N2/PPP2PPP/RNBQKB1R w KQkq - 0 4,0.74,0.74,f1c4,f1c4 d8e7 e1g1 e7c5 c4d3 g8f6 e4e5 f6g4 f1e1 a7a6,7.188840866088867,2025-10-27 19:21:55
chs-1f7ef853-f223-4ee4-855d-98c2ea3c4f24,7,white,c1g5,r1bqkbnr/pppp1ppp/2n5/6B1/3pP3/5N2/PPP2PPP/RN1QKB1R b KQkq - 1 4,-1.59,1.59,f7f6,f7f6 g5c1 d8e7 f3d4 e7e4 d1e2 e4e2 d4e2 g8e7,0.9845528602600098,2025-10-27 19:22:09
chs-1f7ef853-f223-4ee4-855d-98c2ea3c4f24,8,black,d8g5,r1b1kbnr/pppp1ppp/2n5/6q1/3pP3/5N2/PPP2PPP/RN1QKB1R w KQkq - 0 5,7.75,7.75,f3g5,f3g5 f8e7 g5f3 e7c5 c2c3 d4c3 b1c3 g8f6 c3b5,14.778767824172974,2025-10-27 19:22:26
chs-1f7ef853-f223-4ee4-855d-98c2ea3c4f24,9,white,f3g5,r1b1kbnr/pppp1ppp/2n5/6N1/3pP3/8/PPP2PPP/RN1QKB1R b KQkq - 0 5,7.43,7.43,h7h6,h7h6 g5f3 f8b4 c2c3 d4c3 b2c3 b4a5 e4e5 g8e7 f1c4 a5b6 e1g1 e8g8 d1d3 g8h8 d3c2,1.0037248134613037,2025-10-27 19:22:35
chs-1f7ef853-f223-4ee4-855d-98c2ea3c4f24,10,black,g8f6,r1b1kb1r/pppp1ppp/2n2n2/6N1/3pP3/8/PPP2PPP/RN1QKB1R w KQkq - 1 6,8.16,8.16,f1c4,f1c4 f8c5 c4f7 e8d8 f7b3 h8f8 d1e2 c6e5 e1f1 h7h6 g5f3,32.93695092201233,2025-10-27 19:23:17
